﻿{"cameraMode":{"drawMode":0,"name":"Shaded","section":"Shading Mode"},"sceneLighting":false,"audioPlay":false,"sceneViewState":{"showFog":true,"showMaterialUpdate":false,"showSkybox":true,"showFlares":true,"showImageEffects":true,"showParticleSystems":true},"in2DMode":false,"pivot":{"x":0.0,"y":0.46700000762939455,"z":0.17499995231628419},"rotation":{"x":-0.33538082242012026,"y":0.03870197385549545,"z":-0.013790948316454888,"w":-0.9411863684654236},"size":11.883081436157227,"orthographic":false}