﻿{"cameraMode":{"drawMode":0,"name":"Shaded","section":"Shading Mode"},"sceneLighting":true,"audioPlay":false,"sceneViewState":{"showFog":true,"showMaterialUpdate":false,"showSkybox":true,"showFlares":true,"showImageEffects":true,"showParticleSystems":true},"in2DMode":false,"pivot":{"x":-13.553068161010743,"y":0.16704663634300233,"z":0.09215065836906433},"rotation":{"x":-0.00763477198779583,"y":0.707912802696228,"z":-0.007653043605387211,"w":-0.7062171697616577},"size":16.535276412963868,"orthographic":false}