﻿{"cameraMode":{"drawMode":0,"name":"Shaded","section":"Shading Mode"},"sceneLighting":true,"audioPlay":false,"sceneViewState":{"showFog":true,"showMaterialUpdate":false,"showSkybox":true,"showFlares":true,"showImageEffects":true,"showParticleSystems":true},"in2DMode":false,"pivot":{"x":-6.855348110198975,"y":-10.89508056640625,"z":-14.122421264648438},"rotation":{"x":-0.4967559278011322,"y":-0.010414189659059048,"z":0.005961358081549406,"w":-0.8678073883056641},"size":32.84619903564453,"orthographic":false}