﻿{"cameraMode":{"drawMode":0,"name":"Shaded","section":"Shading Mode"},"sceneLighting":true,"audioPlay":false,"sceneViewState":{"showFog":true,"showMaterialUpdate":false,"showSkybox":true,"showFlares":true,"showImageEffects":true,"showParticleSystems":true},"in2DMode":false,"pivot":{"x":0.42256808280944826,"y":0.6326103210449219,"z":1.6084637641906739},"rotation":{"x":-0.1726497858762741,"y":0.20143307745456696,"z":-0.03609514981508255,"w":-0.9634904861450195},"size":20.005186080932618,"orthographic":false}