﻿{"cameraMode":{"drawMode":0,"name":"Shaded","section":"Shading Mode"},"sceneLighting":false,"audioPlay":false,"sceneViewState":{"showFog":true,"showMaterialUpdate":false,"showSkybox":true,"showFlares":true,"showImageEffects":true,"showParticleSystems":true},"in2DMode":false,"pivot":{"x":2.390000104904175,"y":0.7180706262588501,"z":-2.450000047683716},"rotation":{"x":-0.33538082242012026,"y":0.03870197385549545,"z":-0.013790948316454888,"w":-0.9411863684654236},"size":4.733860969543457,"orthographic":false}