﻿{"cameraMode":{"drawMode":0,"name":"Shaded","section":"Shading Mode"},"sceneLighting":true,"audioPlay":false,"sceneViewState":{"showFog":true,"showMaterialUpdate":false,"showSkybox":true,"showFlares":true,"showImageEffects":true,"showParticleSystems":true},"in2DMode":false,"pivot":{"x":-1.006945013999939,"y":0.09561760723590851,"z":5.6992902755737309},"rotation":{"x":-0.004800092428922653,"y":0.06505054980516434,"z":-0.0003128556127194315,"w":-0.9978704452514648},"size":7.282076358795166,"orthographic":false}